year,locationabbr,locationdesc,datasource,category,indicator,response,data_value_unit,data_value_type,data_value,data_value_alt,data_value_footnote_symbol,data_value_footnote,low_confidence_limit,high_confidence_limit,number,weightednumber,stratificationcategory1,stratification1,categoryid,indicatorid,geolocation,locationid,responseid,datavaluetypeid,stratificationcategoryid1,stratificationid1
2017,AL,Alabama,BRFSS,Disability Estimates,Disability status and types among adults 18 years of age or older by age group,18-44,%,Prevalence,3.5,3.5,,,2.3,5.1,48,57237,Disability Type,Hearing Disability,DISEST,AGEIND,"(32.84057112200048, -86.63186076199969)",1,AGE01,PREV,DISTYPE,HEARDIS
2017,AL,Alabama,BRFSS,Disability Estimates,Disability status and types among adults 18 years of age or older by age group,45-64,%,Prevalence,7.7,7.7,,,6.5,9.1,194,94697,Disability Type,Hearing Disability,DISEST,AGEIND,"(32.84057112200048, -86.63186076199969)",1,AGE02,PREV,DISTYPE,HEARDIS
2017,AL,Alabama,BRFSS,Disability Estimates,Disability status and types among adults 18 years of age or older by age group,65+,%,Prevalence,15.7,15.7,,,14,17.6,369,125552,Disability Type,Hearing Disability,DISEST,AGEIND,"(32.84057112200048, -86.63186076199969)",1,AGE03,PREV,DISTYPE,HEARDIS
2017,AK,Alaska,BRFSS,Disability Estimates,Disability status and types among adults 18 years of age or older by age group,18-44,%,Prevalence,,,*,Data suppressed,,,,,Disability Type,Hearing Disability,DISEST,AGEIND,"(64.84507995700051, -147.72205903599973)",2,AGE01,PREV,DISTYPE,HEARDIS
2017,AK,Alaska,BRFSS,Disability Estimates,Disability status and types among adults 18 years of age or older by age group,45-64,%,Prevalence,6.3,6.3,,,4.1,9.4,89,11246,Disability Type,Hearing Disability,DISEST,AGEIND,"(64.84507995700051, -147.72205903599973)",2,AGE02,PREV,DISTYPE,HEARDIS
2017,AK,Alaska,BRFSS,Disability Estimates,Disability status and types among adults 18 years of age or older by age group,65+,%,Prevalence,12.1,12.1,,,9.4,15.4,122,9768,Disability Type,Hearing Disability,DISEST,AGEIND,"(64.84507995700051, -147.72205903599973)",2,AGE03,PREV,DISTYPE,HEARDIS
2017,AZ,Arizona,BRFSS,Disability Estimates,Disability status and types among adults 18 years of age or older by age group,18-44,%,Prevalence,2.6,2.6,,,2.1,3.4,90,63669,Disability Type,Hearing Disability,DISEST,AGEIND,"(34.865970280000454, -111.76381127699972)",4,AGE01,PREV,DISTYPE,HEARDIS
2017,AZ,Arizona,BRFSS,Disability Estimates,Disability status and types among adults 18 years of age or older by age group,45-64,%,Prevalence,5.8,5.8,,,5,6.6,301,94681,Disability Type,Hearing Disability,DISEST,AGEIND,"(34.865970280000454, -111.76381127699972)",4,AGE02,PREV,DISTYPE,HEARDIS
2017,AZ,Arizona,BRFSS,Disability Estimates,Disability status and types among adults 18 years of age or older by age group,65+,%,Prevalence,16.5,16.5,,,15.3,17.7,968,193311,Disability Type,Hearing Disability,DISEST,AGEIND,"(34.865970280000454, -111.76381127699972)",4,AGE03,PREV,DISTYPE,HEARDIS
2017,AR,Arkansas,BRFSS,Disability Estimates,Disability status and types among adults 18 years of age or older by age group,18-44,%,Prevalence,2.5,2.5,,,1.5,4,23,25205,Disability Type,Hearing Disability,DISEST,AGEIND,"(34.74865012400045, -92.27449074299966)",5,AGE01,PREV,DISTYPE,HEARDIS
2017,AR,Arkansas,BRFSS,Disability Estimates,Disability status and types among adults 18 years of age or older by age group,45-64,%,Prevalence,11.5,11.5,,,9.2,14.2,138,83693,Disability Type,Hearing Disability,DISEST,AGEIND,"(34.74865012400045, -92.27449074299966)",5,AGE02,PREV,DISTYPE,HEARDIS
2017,AR,Arkansas,BRFSS,Disability Estimates,Disability status and types among adults 18 years of age or older by age group,65+,%,Prevalence,19.6,19.6,,,17.2,22.1,476,96918,Disability Type,Hearing Disability,DISEST,AGEIND,"(34.74865012400045, -92.27449074299966)",5,AGE03,PREV,DISTYPE,HEARDIS
2017,CA,California,BRFSS,Disability Estimates,Disability status and types among adults 18 years of age or older by age group,18-44,%,Prevalence,1.6,1.6,,,1.2,2.1,74,223543,Disability Type,Hearing Disability,DISEST,AGEIND,"(37.63864012300047, -120.99999953799971)",6,AGE01,PREV,DISTYPE,HEARDIS
2017,CA,California,BRFSS,Disability Estimates,Disability status and types among adults 18 years of age or older by age group,45-64,%,Prevalence,4.7,4.7,,,3.9,5.7,182,446851,Disability Type,Hearing Disability,DISEST,AGEIND,"(37.63864012300047, -120.99999953799971)",6,AGE02,PREV,DISTYPE,HEARDIS
2017,CA,California,BRFSS,Disability Estimates,Disability status and types among adults 18 years of age or older by age group,65+,%,Prevalence,13.4,13.4,,,11.3,15.7,298,725224,Disability Type,Hearing Disability,DISEST,AGEIND,"(37.63864012300047, -120.99999953799971)",6,AGE03,PREV,DISTYPE,HEARDIS
2017,CO,Colorado,BRFSS,Disability Estimates,Disability status and types among adults 18 years of age or older by age group,18-44,%,Prevalence,1.7,1.7,,,1.2,2.3,44,33107,Disability Type,Hearing Disability,DISEST,AGEIND,"(38.843840757000464, -106.13361092099967)",8,AGE01,PREV,DISTYPE,HEARDIS
2017,CO,Colorado,BRFSS,Disability Estimates,Disability status and types among adults 18 years of age or older by age group,45-64,%,Prevalence,4.9,4.9,,,4.1,5.8,156,65028,Disability Type,Hearing Disability,DISEST,AGEIND,"(38.843840757000464, -106.13361092099967)",8,AGE02,PREV,DISTYPE,HEARDIS
2017,CO,Colorado,BRFSS,Disability Estimates,Disability status and types among adults 18 years of age or older by age group,65+,%,Prevalence,12.5,12.5,,,11.1,14,361,90348,Disability Type,Hearing Disability,DISEST,AGEIND,"(38.843840757000464, -106.13361092099967)",8,AGE03,PREV,DISTYPE,HEARDIS
2017,CT,Connecticut,BRFSS,Disability Estimates,Disability status and types among adults 18 years of age or older by age group,18-44,%,Prevalence,2.3,2.3,,,1.5,3.3,47,26607,Disability Type,Hearing Disability,DISEST,AGEIND,"(41.56266102000046, -72.64984095199964)",9,AGE01,PREV,DISTYPE,HEARDIS
2017,CT,Connecticut,BRFSS,Disability Estimates,Disability status and types among adults 18 years of age or older by age group,45-64,%,Prevalence,4.8,4.8,,,4,5.8,196,46949,Disability Type,Hearing Disability,DISEST,AGEIND,"(41.56266102000046, -72.64984095199964)",9,AGE02,PREV,DISTYPE,HEARDIS
2017,CT,Connecticut,BRFSS,Disability Estimates,Disability status and types among adults 18 years of age or older by age group,65+,%,Prevalence,15.6,15.6,,,14,17.3,522,90537,Disability Type,Hearing Disability,DISEST,AGEIND,"(41.56266102000046, -72.64984095199964)",9,AGE03,PREV,DISTYPE,HEARDIS
2017,DE,Delaware,BRFSS,Disability Estimates,Disability status and types among adults 18 years of age or older by age group,18-44,%,Prevalence,4.1,4.1,,,2.7,6.1,38,13000,Disability Type,Hearing Disability,DISEST,AGEIND,"(39.008830667000495, -75.57774116799965)",10,AGE01,PREV,DISTYPE,HEARDIS
2017,DE,Delaware,BRFSS,Disability Estimates,Disability status and types among adults 18 years of age or older by age group,45-64,%,Prevalence,7.2,7.2,,,5.5,9.2,107,17893,Disability Type,Hearing Disability,DISEST,AGEIND,"(39.008830667000495, -75.57774116799965)",10,AGE02,PREV,DISTYPE,HEARDIS
2017,DE,Delaware,BRFSS,Disability Estimates,Disability status and types among adults 18 years of age or older by age group,65+,%,Prevalence,16.8,16.8,,,14.5,19.5,236,28488,Disability Type,Hearing Disability,DISEST,AGEIND,"(39.008830667000495, -75.57774116799965)",10,AGE03,PREV,DISTYPE,HEARDIS
2017,DC,District of Columbia,BRFSS,Disability Estimates,Disability status and types among adults 18 years of age or older by age group,18-44,%,Prevalence,2.1,2.1,,,1.4,3.1,32,6857,Disability Type,Hearing Disability,DISEST,AGEIND,"(38.89037138500049, -77.03196112699965)",11,AGE01,PREV,DISTYPE,HEARDIS
2017,DC,District of Columbia,BRFSS,Disability Estimates,Disability status and types among adults 18 years of age or older by age group,45-64,%,Prevalence,4.8,4.8,,,3.6,6.4,66,7321,Disability Type,Hearing Disability,DISEST,AGEIND,"(38.89037138500049, -77.03196112699965)",11,AGE02,PREV,DISTYPE,HEARDIS
2017,DC,District of Columbia,BRFSS,Disability Estimates,Disability status and types among adults 18 years of age or older by age group,65+,%,Prevalence,14.8,14.8,,,12.3,17.6,153,12551,Disability Type,Hearing Disability,DISEST,AGEIND,"(38.89037138500049, -77.03196112699965)",11,AGE03,PREV,DISTYPE,HEARDIS
2017,FL,Florida,BRFSS,Disability Estimates,Disability status and types among adults 18 years of age or older by age group,18-44,%,Prevalence,2.7,2.7,,,2,3.7,226,183728,Disability Type,Hearing Disability,DISEST,AGEIND,"(28.932040377000476, -81.92896053899966)",12,AGE01,PREV,DISTYPE,HEARDIS
2017,FL,Florida,BRFSS,Disability Estimates,Disability status and types among adults 18 years of age or older by age group,45-64,%,Prevalence,7,7,,,5.9,8.4,689,376662,Disability Type,Hearing Disability,DISEST,AGEIND,"(28.932040377000476, -81.92896053899966)",12,AGE02,PREV,DISTYPE,HEARDIS
2017,FL,Florida,BRFSS,Disability Estimates,Disability status and types among adults 18 years of age or older by age group,65+,%,Prevalence,15.7,15.7,,,14.2,17.3,1400,655960,Disability Type,Hearing Disability,DISEST,AGEIND,"(28.932040377000476, -81.92896053899966)",12,AGE03,PREV,DISTYPE,HEARDIS
2017,GA,Georgia,BRFSS,Disability Estimates,Disability status and types among adults 18 years of age or older by age group,18-44,%,Prevalence,3.1,3.1,,,2.3,4.3,56,114710,Disability Type,Hearing Disability,DISEST,AGEIND,"(32.83968109300048, -83.62758034599966)",13,AGE01,PREV,DISTYPE,HEARDIS
2017,GA,Georgia,BRFSS,Disability Estimates,Disability status and types among adults 18 years of age or older by age group,45-64,%,Prevalence,6.5,6.5,,,5.4,7.9,155,168669,Disability Type,Hearing Disability,DISEST,AGEIND,"(32.83968109300048, -83.62758034599966)",13,AGE02,PREV,DISTYPE,HEARDIS
2017,GA,Georgia,BRFSS,Disability Estimates,Disability status and types among adults 18 years of age or older by age group,65+,%,Prevalence,16.3,16.3,,,14.3,18.6,319,228231,Disability Type,Hearing Disability,DISEST,AGEIND,"(32.83968109300048, -83.62758034599966)",13,AGE03,PREV,DISTYPE,HEARDIS
2017,HI,Hawaii,BRFSS,Disability Estimates,Disability status and types among adults 18 years of age or older by age group,18-44,%,Prevalence,2.2,2.2,,,1.6,3.1,51,11028,Disability Type,Hearing Disability,DISEST,AGEIND,"(21.304850435000446, -157.85774940299973)",15,AGE01,PREV,DISTYPE,HEARDIS
2017,HI,Hawaii,BRFSS,Disability Estimates,Disability status and types among adults 18 years of age or older by age group,45-64,%,Prevalence,4.5,4.5,,,3.6,5.7,133,15258,Disability Type,Hearing Disability,DISEST,AGEIND,"(21.304850435000446, -157.85774940299973)",15,AGE02,PREV,DISTYPE,HEARDIS
2017,HI,Hawaii,BRFSS,Disability Estimates,Disability status and types among adults 18 years of age or older by age group,65+,%,Prevalence,13.4,13.4,,,11.5,15.7,298,32826,Disability Type,Hearing Disability,DISEST,AGEIND,"(21.304850435000446, -157.85774940299973)",15,AGE03,PREV,DISTYPE,HEARDIS
2017,ID,Idaho,BRFSS,Disability Estimates,Disability status and types among adults 18 years of age or older by age group,18-44,%,Prevalence,2.7,2.7,,,1.9,3.9,37,16070,Disability Type,Hearing Disability,DISEST,AGEIND,"(43.682630005000476, -114.3637300419997)",16,AGE01,PREV,DISTYPE,HEARDIS
2017,ID,Idaho,BRFSS,Disability Estimates,Disability status and types among adults 18 years of age or older by age group,45-64,%,Prevalence,7,7,,,5.5,8.9,106,27988,Disability Type,Hearing Disability,DISEST,AGEIND,"(43.682630005000476, -114.3637300419997)",16,AGE02,PREV,DISTYPE,HEARDIS
2017,ID,Idaho,BRFSS,Disability Estimates,Disability status and types among adults 18 years of age or older by age group,65+,%,Prevalence,15.1,15.1,,,12.9,17.5,243,38981,Disability Type,Hearing Disability,DISEST,AGEIND,"(43.682630005000476, -114.3637300419997)",16,AGE03,PREV,DISTYPE,HEARDIS
2017,IL,Illinois,BRFSS,Disability Estimates,Disability status and types among adults 18 years of age or older by age group,18-44,%,Prevalence,,,*,Data suppressed,,,,,Disability Type,Hearing Disability,DISEST,AGEIND,"(40.48501028300046, -88.99771017799969)",17,AGE01,PREV,DISTYPE,HEARDIS
2017,IL,Illinois,BRFSS,Disability Estimates,Disability status and types among adults 18 years of age or older by age group,45-64,%,Prevalence,3.3,3.3,,,2.5,4.3,59,106822,Disability Type,Hearing Disability,DISEST,AGEIND,"(40.48501028300046, -88.99771017799969)",17,AGE02,PREV,DISTYPE,HEARDIS
2017,IL,Illinois,BRFSS,Disability Estimates,Disability status and types among adults 18 years of age or older by age group,65+,%,Prevalence,11.4,11.4,,,9.8,13.2,217,215009,Disability Type,Hearing Disability,DISEST,AGEIND,"(40.48501028300046, -88.99771017799969)",17,AGE03,PREV,DISTYPE,HEARDIS
2017,IN,Indiana,BRFSS,Disability Estimates,Disability status and types among adults 18 years of age or older by age group,18-44,%,Prevalence,2.3,2.3,,,1.7,3,69,51469,Disability Type,Hearing Disability,DISEST,AGEIND,"(39.766910452000445, -86.14996019399968)",18,AGE01,PREV,DISTYPE,HEARDIS
2017,IN,Indiana,BRFSS,Disability Estimates,Disability status and types among adults 18 years of age or older by age group,45-64,%,Prevalence,6.1,6.1,,,5.3,6.9,284,100834,Disability Type,Hearing Disability,DISEST,AGEIND,"(39.766910452000445, -86.14996019399968)",18,AGE02,PREV,DISTYPE,HEARDIS
2017,IN,Indiana,BRFSS,Disability Estimates,Disability status and types among adults 18 years of age or older by age group,65+,%,Prevalence,12.7,12.7,,,11.6,13.9,626,128459,Disability Type,Hearing Disability,DISEST,AGEIND,"(39.766910452000445, -86.14996019399968)",18,AGE03,PREV,DISTYPE,HEARDIS
2017,IA,Iowa,BRFSS,Disability Estimates,Disability status and types among adults 18 years of age or older by age group,18-44,%,Prevalence,1.8,1.8,,,1.3,2.5,43,19376,Disability Type,Hearing Disability,DISEST,AGEIND,"(42.46940091300047, -93.81649055599968)",19,AGE01,PREV,DISTYPE,HEARDIS
2017,IA,Iowa,BRFSS,Disability Estimates,Disability status and types among adults 18 years of age or older by age group,45-64,%,Prevalence,6.6,6.6,,,5.7,7.7,181,51766,Disability Type,Hearing Disability,DISEST,AGEIND,"(42.46940091300047, -93.81649055599968)",19,AGE02,PREV,DISTYPE,HEARDIS
2017,IA,Iowa,BRFSS,Disability Estimates,Disability status and types among adults 18 years of age or older by age group,65+,%,Prevalence,16.7,16.7,,,15,18.4,390,86492,Disability Type,Hearing Disability,DISEST,AGEIND,"(42.46940091300047, -93.81649055599968)",19,AGE03,PREV,DISTYPE,HEARDIS
2017,KS,Kansas,BRFSS,Disability Estimates,Disability status and types among adults 18 years of age or older by age group,18-44,%,Prevalence,2.4,2.4,,,2,2.9,138,23690,Disability Type,Hearing Disability,DISEST,AGEIND,"(38.34774030000045, -98.20078122699965)",20,AGE01,PREV,DISTYPE,HEARDIS
2017,KS,Kansas,BRFSS,Disability Estimates,Disability status and types among adults 18 years of age or older by age group,45-64,%,Prevalence,7,7,,,6.3,7.7,537,47447,Disability Type,Hearing Disability,DISEST,AGEIND,"(38.34774030000045, -98.20078122699965)",20,AGE02,PREV,DISTYPE,HEARDIS
2017,KS,Kansas,BRFSS,Disability Estimates,Disability status and types among adults 18 years of age or older by age group,65+,%,Prevalence,17.2,17.2,,,16.1,18.4,1090,75234,Disability Type,Hearing Disability,DISEST,AGEIND,"(38.34774030000045, -98.20078122699965)",20,AGE03,PREV,DISTYPE,HEARDIS
2017,KY,Kentucky,BRFSS,Disability Estimates,Disability status and types among adults 18 years of age or older by age group,18-44,%,Prevalence,3.5,3.5,,,2.6,4.8,87,54092,Disability Type,Hearing Disability,DISEST,AGEIND,"(37.645970271000465, -84.77497104799966)",21,AGE01,PREV,DISTYPE,HEARDIS
2017,KY,Kentucky,BRFSS,Disability Estimates,Disability status and types among adults 18 years of age or older by age group,45-64,%,Prevalence,10.1,10.1,,,8.6,11.9,341,115731,Disability Type,Hearing Disability,DISEST,AGEIND,"(37.645970271000465, -84.77497104799966)",21,AGE02,PREV,DISTYPE,HEARDIS
2017,KY,Kentucky,BRFSS,Disability Estimates,Disability status and types among adults 18 years of age or older by age group,65+,%,Prevalence,19.8,19.8,,,17.5,22.2,491,139417,Disability Type,Hearing Disability,DISEST,AGEIND,"(37.645970271000465, -84.77497104799966)",21,AGE03,PREV,DISTYPE,HEARDIS
2017,LA,Louisiana,BRFSS,Disability Estimates,Disability status and types among adults 18 years of age or older by age group,18-44,%,Prevalence,3.1,3.1,,,2.2,4.4,41,50429,Disability Type,Hearing Disability,DISEST,AGEIND,"(31.31266064400046, -92.44568007099969)",22,AGE01,PREV,DISTYPE,HEARDIS
2017,LA,Louisiana,BRFSS,Disability Estimates,Disability status and types among adults 18 years of age or older by age group,45-64,%,Prevalence,8.5,8.5,,,6.8,10.5,137,96093,Disability Type,Hearing Disability,DISEST,AGEIND,"(31.31266064400046, -92.44568007099969)",22,AGE02,PREV,DISTYPE,HEARDIS
2017,LA,Louisiana,BRFSS,Disability Estimates,Disability status and types among adults 18 years of age or older by age group,65+,%,Prevalence,16.5,16.5,,,14,19.2,204,111659,Disability Type,Hearing Disability,DISEST,AGEIND,"(31.31266064400046, -92.44568007099969)",22,AGE03,PREV,DISTYPE,HEARDIS
2017,ME,Maine,BRFSS,Disability Estimates,Disability status and types among adults 18 years of age or older by age group,18-44,%,Prevalence,2,2,,,1.3,3.1,40,8298,Disability Type,Hearing Disability,DISEST,AGEIND,"(45.254228894000505, -68.98503133599962)",23,AGE01,PREV,DISTYPE,HEARDIS
2017,ME,Maine,BRFSS,Disability Estimates,Disability status and types among adults 18 years of age or older by age group,45-64,%,Prevalence,5.7,5.7,,,4.7,7,186,22378,Disability Type,Hearing Disability,DISEST,AGEIND,"(45.254228894000505, -68.98503133599962)",23,AGE02,PREV,DISTYPE,HEARDIS
2017,ME,Maine,BRFSS,Disability Estimates,Disability status and types among adults 18 years of age or older by age group,65+,%,Prevalence,13.3,13.3,,,11.9,14.9,466,34806,Disability Type,Hearing Disability,DISEST,AGEIND,"(45.254228894000505, -68.98503133599962)",23,AGE03,PREV,DISTYPE,HEARDIS
2017,MD,Maryland,BRFSS,Disability Estimates,Disability status and types among adults 18 years of age or older by age group,18-44,%,Prevalence,2.7,2.7,,,1.9,3.8,59,55415,Disability Type,Hearing Disability,DISEST,AGEIND,"(39.29058096400047, -76.60926011099963)",24,AGE01,PREV,DISTYPE,HEARDIS
2017,MD,Maryland,BRFSS,Disability Estimates,Disability status and types among adults 18 years of age or older by age group,45-64,%,Prevalence,4.5,4.5,,,3.7,5.4,233,70974,Disability Type,Hearing Disability,DISEST,AGEIND,"(39.29058096400047, -76.60926011099963)",24,AGE02,PREV,DISTYPE,HEARDIS
2017,MD,Maryland,BRFSS,Disability Estimates,Disability status and types among adults 18 years of age or older by age group,65+,%,Prevalence,11.9,11.9,,,10.5,13.4,636,106250,Disability Type,Hearing Disability,DISEST,AGEIND,"(39.29058096400047, -76.60926011099963)",24,AGE03,PREV,DISTYPE,HEARDIS
2017,MA,Massachusetts,BRFSS,Disability Estimates,Disability status and types among adults 18 years of age or older by age group,18-44,%,Prevalence,1.7,1.7,,,1,2.7,26,40756,Disability Type,Hearing Disability,DISEST,AGEIND,"(42.27687047000046, -72.08269067499964)",25,AGE01,PREV,DISTYPE,HEARDIS
2017,MA,Massachusetts,BRFSS,Disability Estimates,Disability status and types among adults 18 years of age or older by age group,45-64,%,Prevalence,4.3,4.3,,,3.2,5.7,119,78690,Disability Type,Hearing Disability,DISEST,AGEIND,"(42.27687047000046, -72.08269067499964)",25,AGE02,PREV,DISTYPE,HEARDIS
2017,MA,Massachusetts,BRFSS,Disability Estimates,Disability status and types among adults 18 years of age or older by age group,65+,%,Prevalence,16.6,16.6,,,14,19.7,365,182411,Disability Type,Hearing Disability,DISEST,AGEIND,"(42.27687047000046, -72.08269067499964)",25,AGE03,PREV,DISTYPE,HEARDIS
2017,MI,Michigan,BRFSS,Disability Estimates,Disability status and types among adults 18 years of age or older by age group,18-44,%,Prevalence,2.2,2.2,,,1.6,3,61,71180,Disability Type,Hearing Disability,DISEST,AGEIND,"(44.6613195430005, -84.71439026999968)",26,AGE01,PREV,DISTYPE,HEARDIS
2017,MI,Michigan,BRFSS,Disability Estimates,Disability status and types among adults 18 years of age or older by age group,45-64,%,Prevalence,6.2,6.2,,,5.3,7.3,223,162725,Disability Type,Hearing Disability,DISEST,AGEIND,"(44.6613195430005, -84.71439026999968)",26,AGE02,PREV,DISTYPE,HEARDIS
2017,MI,Michigan,BRFSS,Disability Estimates,Disability status and types among adults 18 years of age or older by age group,65+,%,Prevalence,16.7,16.7,,,15.2,18.3,577,274374,Disability Type,Hearing Disability,DISEST,AGEIND,"(44.6613195430005, -84.71439026999968)",26,AGE03,PREV,DISTYPE,HEARDIS
2017,MN,Minnesota,BRFSS,Disability Estimates,Disability status and types among adults 18 years of age or older by age group,18-44,%,Prevalence,2.1,2.1,,,1.6,2.7,103,39326,Disability Type,Hearing Disability,DISEST,AGEIND,"(46.35564873600049, -94.79420050299967)",27,AGE01,PREV,DISTYPE,HEARDIS
2017,MN,Minnesota,BRFSS,Disability Estimates,Disability status and types among adults 18 years of age or older by age group,45-64,%,Prevalence,6.2,6.2,,,5.5,7,411,88604,Disability Type,Hearing Disability,DISEST,AGEIND,"(46.35564873600049, -94.79420050299967)",27,AGE02,PREV,DISTYPE,HEARDIS
2017,MN,Minnesota,BRFSS,Disability Estimates,Disability status and types among adults 18 years of age or older by age group,65+,%,Prevalence,18.2,18.2,,,16.9,19.6,891,154770,Disability Type,Hearing Disability,DISEST,AGEIND,"(46.35564873600049, -94.79420050299967)",27,AGE03,PREV,DISTYPE,HEARDIS
2017,MS,Mississippi,BRFSS,Disability Estimates,Disability status and types among adults 18 years of age or older by age group,18-44,%,Prevalence,3.2,3.2,,,2.2,4.7,37,32236,Disability Type,Hearing Disability,DISEST,AGEIND,"(32.745510099000455, -89.53803082499968)",28,AGE01,PREV,DISTYPE,HEARDIS
2017,MS,Mississippi,BRFSS,Disability Estimates,Disability status and types among adults 18 years of age or older by age group,45-64,%,Prevalence,7.6,7.6,,,6.2,9.4,129,55000,Disability Type,Hearing Disability,DISEST,AGEIND,"(32.745510099000455, -89.53803082499968)",28,AGE02,PREV,DISTYPE,HEARDIS
2017,MS,Mississippi,BRFSS,Disability Estimates,Disability status and types among adults 18 years of age or older by age group,65+,%,Prevalence,13.3,13.3,,,11.4,15.5,240,59734,Disability Type,Hearing Disability,DISEST,AGEIND,"(32.745510099000455, -89.53803082499968)",28,AGE03,PREV,DISTYPE,HEARDIS
2017,MO,Missouri,BRFSS,Disability Estimates,Disability status and types among adults 18 years of age or older by age group,18-44,%,Prevalence,2.1,2.1,,,1.5,2.8,61,42817,Disability Type,Hearing Disability,DISEST,AGEIND,"(38.635790776000476, -92.56630005299968)",29,AGE01,PREV,DISTYPE,HEARDIS
2017,MO,Missouri,BRFSS,Disability Estimates,Disability status and types among adults 18 years of age or older by age group,45-64,%,Prevalence,7.3,7.3,,,6.1,8.7,213,113550,Disability Type,Hearing Disability,DISEST,AGEIND,"(38.635790776000476, -92.56630005299968)",29,AGE02,PREV,DISTYPE,HEARDIS
2017,MO,Missouri,BRFSS,Disability Estimates,Disability status and types among adults 18 years of age or older by age group,65+,%,Prevalence,19.5,19.5,,,17.6,21.6,572,194565,Disability Type,Hearing Disability,DISEST,AGEIND,"(38.635790776000476, -92.56630005299968)",29,AGE03,PREV,DISTYPE,HEARDIS
2017,MT,Montana,BRFSS,Disability Estimates,Disability status and types among adults 18 years of age or older by age group,18-44,%,Prevalence,3.5,3.5,,,2.5,4.9,57,12231,Disability Type,Hearing Disability,DISEST,AGEIND,"(47.06652897200047, -109.42442064499971)",30,AGE01,PREV,DISTYPE,HEARDIS
2017,MT,Montana,BRFSS,Disability Estimates,Disability status and types among adults 18 years of age or older by age group,45-64,%,Prevalence,9,9,,,7.5,10.8,213,24498,Disability Type,Hearing Disability,DISEST,AGEIND,"(47.06652897200047, -109.42442064499971)",30,AGE02,PREV,DISTYPE,HEARDIS
2017,MT,Montana,BRFSS,Disability Estimates,Disability status and types among adults 18 years of age or older by age group,65+,%,Prevalence,22.9,22.9,,,20.4,25.5,482,43648,Disability Type,Hearing Disability,DISEST,AGEIND,"(47.06652897200047, -109.42442064499971)",30,AGE03,PREV,DISTYPE,HEARDIS
2017,NE,Nebraska,BRFSS,Disability Estimates,Disability status and types among adults 18 years of age or older by age group,18-44,%,Prevalence,2.2,2.2,,,1.6,2.9,96,14557,Disability Type,Hearing Disability,DISEST,AGEIND,"(41.6410409880005, -99.36572062299967)",31,AGE01,PREV,DISTYPE,HEARDIS
2017,NE,Nebraska,BRFSS,Disability Estimates,Disability status and types among adults 18 years of age or older by age group,45-64,%,Prevalence,5.7,5.7,,,4.9,6.7,339,26079,Disability Type,Hearing Disability,DISEST,AGEIND,"(41.6410409880005, -99.36572062299967)",31,AGE02,PREV,DISTYPE,HEARDIS
2017,NE,Nebraska,BRFSS,Disability Estimates,Disability status and types among adults 18 years of age or older by age group,65+,%,Prevalence,18.3,18.3,,,16.8,19.9,972,53628,Disability Type,Hearing Disability,DISEST,AGEIND,"(41.6410409880005, -99.36572062299967)",31,AGE03,PREV,DISTYPE,HEARDIS
2017,NV,Nevada,BRFSS,Disability Estimates,Disability status and types among adults 18 years of age or older by age group,18-44,%,Prevalence,3,3,,,1.8,4.9,32,32068,Disability Type,Hearing Disability,DISEST,AGEIND,"(39.493240390000494, -117.07184056399967)",32,AGE01,PREV,DISTYPE,HEARDIS
2017,NV,Nevada,BRFSS,Disability Estimates,Disability status and types among adults 18 years of age or older by age group,45-64,%,Prevalence,8.6,8.6,,,6.5,11.3,99,64376,Disability Type,Hearing Disability,DISEST,AGEIND,"(39.493240390000494, -117.07184056399967)",32,AGE02,PREV,DISTYPE,HEARDIS
2017,NV,Nevada,BRFSS,Disability Estimates,Disability status and types among adults 18 years of age or older by age group,65+,%,Prevalence,20.7,20.7,,,17.4,24.5,239,95201,Disability Type,Hearing Disability,DISEST,AGEIND,"(39.493240390000494, -117.07184056399967)",32,AGE03,PREV,DISTYPE,HEARDIS
2017,NH,New Hampshire,BRFSS,Disability Estimates,Disability status and types among adults 18 years of age or older by age group,18-44,%,Prevalence,2.3,2.3,,,1.3,3.9,23,9747,Disability Type,Hearing Disability,DISEST,AGEIND,"(43.65595011300047, -71.50036091999965)",33,AGE01,PREV,DISTYPE,HEARDIS
2017,NH,New Hampshire,BRFSS,Disability Estimates,Disability status and types among adults 18 years of age or older by age group,45-64,%,Prevalence,6,6,,,4.9,7.4,139,23584,Disability Type,Hearing Disability,DISEST,AGEIND,"(43.65595011300047, -71.50036091999965)",33,AGE02,PREV,DISTYPE,HEARDIS
2017,NH,New Hampshire,BRFSS,Disability Estimates,Disability status and types among adults 18 years of age or older by age group,65+,%,Prevalence,17.3,17.3,,,15.5,19.3,394,39900,Disability Type,Hearing Disability,DISEST,AGEIND,"(43.65595011300047, -71.50036091999965)",33,AGE03,PREV,DISTYPE,HEARDIS
2017,NJ,New Jersey,BRFSS,Disability Estimates,Disability status and types among adults 18 years of age or older by age group,18-44,%,Prevalence,1.9,1.9,,,1.3,2.8,53,57776,Disability Type,Hearing Disability,DISEST,AGEIND,"(40.13057004800049, -74.27369128799967)",34,AGE01,PREV,DISTYPE,HEARDIS
2017,NJ,New Jersey,BRFSS,Disability Estimates,Disability status and types among adults 18 years of age or older by age group,45-64,%,Prevalence,5.5,5.5,,,4.4,7,219,134585,Disability Type,Hearing Disability,DISEST,AGEIND,"(40.13057004800049, -74.27369128799967)",34,AGE02,PREV,DISTYPE,HEARDIS
2017,NJ,New Jersey,BRFSS,Disability Estimates,Disability status and types among adults 18 years of age or older by age group,65+,%,Prevalence,13.7,13.7,,,12.2,15.3,603,190204,Disability Type,Hearing Disability,DISEST,AGEIND,"(40.13057004800049, -74.27369128799967)",34,AGE03,PREV,DISTYPE,HEARDIS
2017,NM,New Mexico,BRFSS,Disability Estimates,Disability status and types among adults 18 years of age or older by age group,18-44,%,Prevalence,2.1,2.1,,,1.4,3.3,41,14931,Disability Type,Hearing Disability,DISEST,AGEIND,"(34.52088095200048, -106.24058098499967)",35,AGE01,PREV,DISTYPE,HEARDIS
2017,NM,New Mexico,BRFSS,Disability Estimates,Disability status and types among adults 18 years of age or older by age group,45-64,%,Prevalence,8.9,8.9,,,7.4,10.7,200,44309,Disability Type,Hearing Disability,DISEST,AGEIND,"(34.52088095200048, -106.24058098499967)",35,AGE02,PREV,DISTYPE,HEARDIS
2017,NM,New Mexico,BRFSS,Disability Estimates,Disability status and types among adults 18 years of age or older by age group,65+,%,Prevalence,16.2,16.2,,,14,18.6,367,54904,Disability Type,Hearing Disability,DISEST,AGEIND,"(34.52088095200048, -106.24058098499967)",35,AGE03,PREV,DISTYPE,HEARDIS
2017,NY,New York,BRFSS,Disability Estimates,Disability status and types among adults 18 years of age or older by age group,18-44,%,Prevalence,1.5,1.5,,,1.1,2,64,101496,Disability Type,Hearing Disability,DISEST,AGEIND,"(42.82700103200045, -75.54397042699964)",36,AGE01,PREV,DISTYPE,HEARDIS
2017,NY,New York,BRFSS,Disability Estimates,Disability status and types among adults 18 years of age or older by age group,45-64,%,Prevalence,3.7,3.7,,,3,4.5,183,184720,Disability Type,Hearing Disability,DISEST,AGEIND,"(42.82700103200045, -75.54397042699964)",36,AGE02,PREV,DISTYPE,HEARDIS
2017,NY,New York,BRFSS,Disability Estimates,Disability status and types among adults 18 years of age or older by age group,65+,%,Prevalence,10.7,10.7,,,9.3,12.3,377,326338,Disability Type,Hearing Disability,DISEST,AGEIND,"(42.82700103200045, -75.54397042699964)",36,AGE03,PREV,DISTYPE,HEARDIS
2017,NC,North Carolina,BRFSS,Disability Estimates,Disability status and types among adults 18 years of age or older by age group,18-44,%,Prevalence,3.1,3.1,,,2.2,4.4,44,109056,Disability Type,Hearing Disability,DISEST,AGEIND,"(35.466220975000454, -79.15925046299964)",37,AGE01,PREV,DISTYPE,HEARDIS
2017,NC,North Carolina,BRFSS,Disability Estimates,Disability status and types among adults 18 years of age or older by age group,45-64,%,Prevalence,6.6,6.6,,,5.2,8.4,126,173557,Disability Type,Hearing Disability,DISEST,AGEIND,"(35.466220975000454, -79.15925046299964)",37,AGE02,PREV,DISTYPE,HEARDIS
2017,NC,North Carolina,BRFSS,Disability Estimates,Disability status and types among adults 18 years of age or older by age group,65+,%,Prevalence,18.3,18.3,,,15.7,21.2,251,298839,Disability Type,Hearing Disability,DISEST,AGEIND,"(35.466220975000454, -79.15925046299964)",37,AGE03,PREV,DISTYPE,HEARDIS
2017,ND,North Dakota,BRFSS,Disability Estimates,Disability status and types among adults 18 years of age or older by age group,18-44,%,Prevalence,2,2,,,1.3,3,35,5667,Disability Type,Hearing Disability,DISEST,AGEIND,"(47.47531977900047, -100.11842104899966)",38,AGE01,PREV,DISTYPE,HEARDIS
2017,ND,North Dakota,BRFSS,Disability Estimates,Disability status and types among adults 18 years of age or older by age group,45-64,%,Prevalence,5.7,5.7,,,4.7,6.9,129,9887,Disability Type,Hearing Disability,DISEST,AGEIND,"(47.47531977900047, -100.11842104899966)",38,AGE02,PREV,DISTYPE,HEARDIS
2017,ND,North Dakota,BRFSS,Disability Estimates,Disability status and types among adults 18 years of age or older by age group,65+,%,Prevalence,14.5,14.5,,,12.8,16.3,337,16252,Disability Type,Hearing Disability,DISEST,AGEIND,"(47.47531977900047, -100.11842104899966)",38,AGE03,PREV,DISTYPE,HEARDIS
2017,OH,Ohio,BRFSS,Disability Estimates,Disability status and types among adults 18 years of age or older by age group,18-44,%,Prevalence,2.1,2.1,,,1.5,2.8,69,80947,Disability Type,Hearing Disability,DISEST,AGEIND,"(40.06021014100048, -82.40426005599966)",39,AGE01,PREV,DISTYPE,HEARDIS
2017,OH,Ohio,BRFSS,Disability Estimates,Disability status and types among adults 18 years of age or older by age group,45-64,%,Prevalence,7.1,7.1,,,6.1,8.1,358,214619,Disability Type,Hearing Disability,DISEST,AGEIND,"(40.06021014100048, -82.40426005599966)",39,AGE02,PREV,DISTYPE,HEARDIS
2017,OH,Ohio,BRFSS,Disability Estimates,Disability status and types among adults 18 years of age or older by age group,65+,%,Prevalence,16.9,16.9,,,15.4,18.5,815,326458,Disability Type,Hearing Disability,DISEST,AGEIND,"(40.06021014100048, -82.40426005599966)",39,AGE03,PREV,DISTYPE,HEARDIS
2017,OK,Oklahoma,BRFSS,Disability Estimates,Disability status and types among adults 18 years of age or older by age group,18-44,%,Prevalence,4.3,4.3,,,3.2,5.6,70,58732,Disability Type,Hearing Disability,DISEST,AGEIND,"(35.47203135600046, -97.52107021399968)",40,AGE01,PREV,DISTYPE,HEARDIS
2017,OK,Oklahoma,BRFSS,Disability Estimates,Disability status and types among adults 18 years of age or older by age group,45-64,%,Prevalence,10.5,10.5,,,9,12.3,202,98178,Disability Type,Hearing Disability,DISEST,AGEIND,"(35.47203135600046, -97.52107021399968)",40,AGE02,PREV,DISTYPE,HEARDIS
2017,OK,Oklahoma,BRFSS,Disability Estimates,Disability status and types among adults 18 years of age or older by age group,65+,%,Prevalence,22.7,22.7,,,20.8,24.7,570,136445,Disability Type,Hearing Disability,DISEST,AGEIND,"(35.47203135600046, -97.52107021399968)",40,AGE03,PREV,DISTYPE,HEARDIS
2017,OR,Oregon,BRFSS,Disability Estimates,Disability status and types among adults 18 years of age or older by age group,18-44,%,Prevalence,2.1,2.1,,,1.5,3.1,36,30687,Disability Type,Hearing Disability,DISEST,AGEIND,"(44.56744942400047, -120.15503132599969)",41,AGE01,PREV,DISTYPE,HEARDIS
2017,OR,Oregon,BRFSS,Disability Estimates,Disability status and types among adults 18 years of age or older by age group,45-64,%,Prevalence,7.2,7.2,,,5.9,8.7,126,74940,Disability Type,Hearing Disability,DISEST,AGEIND,"(44.56744942400047, -120.15503132599969)",41,AGE02,PREV,DISTYPE,HEARDIS
2017,OR,Oregon,BRFSS,Disability Estimates,Disability status and types among adults 18 years of age or older by age group,65+,%,Prevalence,17.9,17.9,,,15.8,20.2,274,127058,Disability Type,Hearing Disability,DISEST,AGEIND,"(44.56744942400047, -120.15503132599969)",41,AGE03,PREV,DISTYPE,HEARDIS
2017,PA,Pennsylvania,BRFSS,Disability Estimates,Disability status and types among adults 18 years of age or older by age group,18-44,%,Prevalence,2.3,2.3,,,1.6,3.4,44,98893,Disability Type,Hearing Disability,DISEST,AGEIND,"(40.79373015200048, -77.86070029399963)",42,AGE01,PREV,DISTYPE,HEARDIS
2017,PA,Pennsylvania,BRFSS,Disability Estimates,Disability status and types among adults 18 years of age or older by age group,45-64,%,Prevalence,5.3,5.3,,,4.3,6.6,122,181467,Disability Type,Hearing Disability,DISEST,AGEIND,"(40.79373015200048, -77.86070029399963)",42,AGE02,PREV,DISTYPE,HEARDIS
2017,PA,Pennsylvania,BRFSS,Disability Estimates,Disability status and types among adults 18 years of age or older by age group,65+,%,Prevalence,12.2,12.2,,,10.4,14.2,235,274801,Disability Type,Hearing Disability,DISEST,AGEIND,"(40.79373015200048, -77.86070029399963)",42,AGE03,PREV,DISTYPE,HEARDIS
2017,RI,Rhode Island,BRFSS,Disability Estimates,Disability status and types among adults 18 years of age or older by age group,18-44,%,Prevalence,1.9,1.9,,,1.2,3.1,26,7101,Disability Type,Hearing Disability,DISEST,AGEIND,"(41.70828019300046, -71.52247031399963)",44,AGE01,PREV,DISTYPE,HEARDIS
2017,RI,Rhode Island,BRFSS,Disability Estimates,Disability status and types among adults 18 years of age or older by age group,45-64,%,Prevalence,4.2,4.2,,,3.3,5.4,111,11964,Disability Type,Hearing Disability,DISEST,AGEIND,"(41.70828019300046, -71.52247031399963)",44,AGE02,PREV,DISTYPE,HEARDIS
2017,RI,Rhode Island,BRFSS,Disability Estimates,Disability status and types among adults 18 years of age or older by age group,65+,%,Prevalence,15.4,15.4,,,13.4,17.7,278,27188,Disability Type,Hearing Disability,DISEST,AGEIND,"(41.70828019300046, -71.52247031399963)",44,AGE03,PREV,DISTYPE,HEARDIS
2017,SC,South Carolina,BRFSS,Disability Estimates,Disability status and types among adults 18 years of age or older by age group,18-44,%,Prevalence,3,3,,,2.1,4.1,61,50318,Disability Type,Hearing Disability,DISEST,AGEIND,"(33.998821303000454, -81.04537120699968)",45,AGE01,PREV,DISTYPE,HEARDIS
2017,SC,South Carolina,BRFSS,Disability Estimates,Disability status and types among adults 18 years of age or older by age group,45-64,%,Prevalence,5.4,5.4,,,4.6,6.3,225,69352,Disability Type,Hearing Disability,DISEST,AGEIND,"(33.998821303000454, -81.04537120699968)",45,AGE02,PREV,DISTYPE,HEARDIS
2017,SC,South Carolina,BRFSS,Disability Estimates,Disability status and types among adults 18 years of age or older by age group,65+,%,Prevalence,15.3,15.3,,,14,16.8,676,131343,Disability Type,Hearing Disability,DISEST,AGEIND,"(33.998821303000454, -81.04537120699968)",45,AGE03,PREV,DISTYPE,HEARDIS
2017,SD,South Dakota,BRFSS,Disability Estimates,Disability status and types among adults 18 years of age or older by age group,18-44,%,Prevalence,2.9,2.9,,,1.8,4.6,47,8587,Disability Type,Hearing Disability,DISEST,AGEIND,"(44.353130053000484, -100.3735306369997)",46,AGE01,PREV,DISTYPE,HEARDIS
2017,SD,South Dakota,BRFSS,Disability Estimates,Disability status and types among adults 18 years of age or older by age group,45-64,%,Prevalence,8.7,8.7,,,6.9,10.8,212,18446,Disability Type,Hearing Disability,DISEST,AGEIND,"(44.353130053000484, -100.3735306369997)",46,AGE02,PREV,DISTYPE,HEARDIS
2017,SD,South Dakota,BRFSS,Disability Estimates,Disability status and types among adults 18 years of age or older by age group,65+,%,Prevalence,17,17,,,14.6,19.7,442,24385,Disability Type,Hearing Disability,DISEST,AGEIND,"(44.353130053000484, -100.3735306369997)",46,AGE03,PREV,DISTYPE,HEARDIS
2017,TN,Tennessee,BRFSS,Disability Estimates,Disability status and types among adults 18 years of age or older by age group,18-44,%,Prevalence,2.2,2.2,,,1.5,3.3,45,50877,Disability Type,Hearing Disability,DISEST,AGEIND,"(35.68094058000048, -85.77449091399967)",47,AGE01,PREV,DISTYPE,HEARDIS
2017,TN,Tennessee,BRFSS,Disability Estimates,Disability status and types among adults 18 years of age or older by age group,45-64,%,Prevalence,7.9,7.9,,,6.5,9.7,166,134758,Disability Type,Hearing Disability,DISEST,AGEIND,"(35.68094058000048, -85.77449091399967)",47,AGE02,PREV,DISTYPE,HEARDIS
2017,TN,Tennessee,BRFSS,Disability Estimates,Disability status and types among adults 18 years of age or older by age group,65+,%,Prevalence,17.8,17.8,,,15.5,20.4,294,189598,Disability Type,Hearing Disability,DISEST,AGEIND,"(35.68094058000048, -85.77449091399967)",47,AGE03,PREV,DISTYPE,HEARDIS
2017,TX,Texas,BRFSS,Disability Estimates,Disability status and types among adults 18 years of age or older by age group,18-44,%,Prevalence,2.4,2.4,,,1.6,3.6,71,245506,Disability Type,Hearing Disability,DISEST,AGEIND,"(31.827240407000488, -99.42677020599967)",48,AGE01,PREV,DISTYPE,HEARDIS
2017,TX,Texas,BRFSS,Disability Estimates,Disability status and types among adults 18 years of age or older by age group,45-64,%,Prevalence,5.9,5.9,,,4.7,7.5,251,389808,Disability Type,Hearing Disability,DISEST,AGEIND,"(31.827240407000488, -99.42677020599967)",48,AGE02,PREV,DISTYPE,HEARDIS
2017,TX,Texas,BRFSS,Disability Estimates,Disability status and types among adults 18 years of age or older by age group,65+,%,Prevalence,12.7,12.7,,,10.2,15.7,670,441163,Disability Type,Hearing Disability,DISEST,AGEIND,"(31.827240407000488, -99.42677020599967)",48,AGE03,PREV,DISTYPE,HEARDIS
2017,UT,Utah,BRFSS,Disability Estimates,Disability status and types among adults 18 years of age or older by age group,18-44,%,Prevalence,2.4,2.4,,,1.9,3,101,28432,Disability Type,Hearing Disability,DISEST,AGEIND,"(39.360700171000474, -111.58713063499971)",49,AGE01,PREV,DISTYPE,HEARDIS
2017,UT,Utah,BRFSS,Disability Estimates,Disability status and types among adults 18 years of age or older by age group,45-64,%,Prevalence,6.6,6.6,,,5.6,7.8,215,40398,Disability Type,Hearing Disability,DISEST,AGEIND,"(39.360700171000474, -111.58713063499971)",49,AGE02,PREV,DISTYPE,HEARDIS
2017,UT,Utah,BRFSS,Disability Estimates,Disability status and types among adults 18 years of age or older by age group,65+,%,Prevalence,18.6,18.6,,,16.8,20.6,483,62536,Disability Type,Hearing Disability,DISEST,AGEIND,"(39.360700171000474, -111.58713063499971)",49,AGE03,PREV,DISTYPE,HEARDIS
2017,VT,Vermont,BRFSS,Disability Estimates,Disability status and types among adults 18 years of age or older by age group,18-44,%,Prevalence,2.9,2.9,,,1.9,4.4,36,5879,Disability Type,Hearing Disability,DISEST,AGEIND,"(43.62538123900049, -72.51764079099962)",50,AGE01,PREV,DISTYPE,HEARDIS
2017,VT,Vermont,BRFSS,Disability Estimates,Disability status and types among adults 18 years of age or older by age group,45-64,%,Prevalence,6.5,6.5,,,5.4,7.9,159,11442,Disability Type,Hearing Disability,DISEST,AGEIND,"(43.62538123900049, -72.51764079099962)",50,AGE02,PREV,DISTYPE,HEARDIS
2017,VT,Vermont,BRFSS,Disability Estimates,Disability status and types among adults 18 years of age or older by age group,65+,%,Prevalence,18.6,18.6,,,16.5,20.9,390,21201,Disability Type,Hearing Disability,DISEST,AGEIND,"(43.62538123900049, -72.51764079099962)",50,AGE03,PREV,DISTYPE,HEARDIS
2017,VA,Virginia,BRFSS,Disability Estimates,Disability status and types among adults 18 years of age or older by age group,18-44,%,Prevalence,2.9,2.9,,,2.1,4,67,87073,Disability Type,Hearing Disability,DISEST,AGEIND,"(37.54268067400045, -78.45789046299967)",51,AGE01,PREV,DISTYPE,HEARDIS
2017,VA,Virginia,BRFSS,Disability Estimates,Disability status and types among adults 18 years of age or older by age group,45-64,%,Prevalence,5.7,5.7,,,4.8,6.7,213,124049,Disability Type,Hearing Disability,DISEST,AGEIND,"(37.54268067400045, -78.45789046299967)",51,AGE02,PREV,DISTYPE,HEARDIS
2017,VA,Virginia,BRFSS,Disability Estimates,Disability status and types among adults 18 years of age or older by age group,65+,%,Prevalence,15.6,15.6,,,13.9,17.3,478,195202,Disability Type,Hearing Disability,DISEST,AGEIND,"(37.54268067400045, -78.45789046299967)",51,AGE03,PREV,DISTYPE,HEARDIS
2017,WA,Washington,BRFSS,Disability Estimates,Disability status and types among adults 18 years of age or older by age group,18-44,%,Prevalence,3.1,3.1,,,2.4,3.8,102,80012,Disability Type,Hearing Disability,DISEST,AGEIND,"(47.52227862900048, -120.47001078999972)",53,AGE01,PREV,DISTYPE,HEARDIS
2017,WA,Washington,BRFSS,Disability Estimates,Disability status and types among adults 18 years of age or older by age group,45-64,%,Prevalence,5.7,5.7,,,5,6.5,296,106154,Disability Type,Hearing Disability,DISEST,AGEIND,"(47.52227862900048, -120.47001078999972)",53,AGE02,PREV,DISTYPE,HEARDIS
2017,WA,Washington,BRFSS,Disability Estimates,Disability status and types among adults 18 years of age or older by age group,65+,%,Prevalence,14.8,14.8,,,13.5,16.2,667,166223,Disability Type,Hearing Disability,DISEST,AGEIND,"(47.52227862900048, -120.47001078999972)",53,AGE03,PREV,DISTYPE,HEARDIS
2017,WV,West Virginia,BRFSS,Disability Estimates,Disability status and types among adults 18 years of age or older by age group,18-44,%,Prevalence,5.7,5.7,,,4.4,7.4,70,33925,Disability Type,Hearing Disability,DISEST,AGEIND,"(38.66551020200046, -80.71264013499967)",54,AGE01,PREV,DISTYPE,HEARDIS
2017,WV,West Virginia,BRFSS,Disability Estimates,Disability status and types among adults 18 years of age or older by age group,45-64,%,Prevalence,14.9,14.9,,,13.2,16.8,296,73651,Disability Type,Hearing Disability,DISEST,AGEIND,"(38.66551020200046, -80.71264013499967)",54,AGE02,PREV,DISTYPE,HEARDIS
2017,WV,West Virginia,BRFSS,Disability Estimates,Disability status and types among adults 18 years of age or older by age group,65+,%,Prevalence,25.6,25.6,,,23.4,28,474,89578,Disability Type,Hearing Disability,DISEST,AGEIND,"(38.66551020200046, -80.71264013499967)",54,AGE03,PREV,DISTYPE,HEARDIS
2017,WI,Wisconsin,BRFSS,Disability Estimates,Disability status and types among adults 18 years of age or older by age group,18-44,%,Prevalence,1.9,1.9,,,1.2,2.9,31,36603,Disability Type,Hearing Disability,DISEST,AGEIND,"(44.39319117400049, -89.81637074199966)",55,AGE01,PREV,DISTYPE,HEARDIS
2017,WI,Wisconsin,BRFSS,Disability Estimates,Disability status and types among adults 18 years of age or older by age group,45-64,%,Prevalence,6.2,6.2,,,4.9,7.8,125,92837,Disability Type,Hearing Disability,DISEST,AGEIND,"(44.39319117400049, -89.81637074199966)",55,AGE02,PREV,DISTYPE,HEARDIS
2017,WI,Wisconsin,BRFSS,Disability Estimates,Disability status and types among adults 18 years of age or older by age group,65+,%,Prevalence,15.1,15.1,,,12.9,17.5,256,140680,Disability Type,Hearing Disability,DISEST,AGEIND,"(44.39319117400049, -89.81637074199966)",55,AGE03,PREV,DISTYPE,HEARDIS
2017,WY,Wyoming,BRFSS,Disability Estimates,Disability status and types among adults 18 years of age or older by age group,18-44,%,Prevalence,5,5,,,3.7,6.7,53,10244,Disability Type,Hearing Disability,DISEST,AGEIND,"(43.23554134300048, -108.10983035299967)",56,AGE01,PREV,DISTYPE,HEARDIS
2017,WY,Wyoming,BRFSS,Disability Estimates,Disability status and types among adults 18 years of age or older by age group,45-64,%,Prevalence,10.7,10.7,,,9,12.6,161,15528,Disability Type,Hearing Disability,DISEST,AGEIND,"(43.23554134300048, -108.10983035299967)",56,AGE02,PREV,DISTYPE,HEARDIS
2017,WY,Wyoming,BRFSS,Disability Estimates,Disability status and types among adults 18 years of age or older by age group,65+,%,Prevalence,21.2,21.2,,,18.8,23.7,328,19284,Disability Type,Hearing Disability,DISEST,AGEIND,"(43.23554134300048, -108.10983035299967)",56,AGE03,PREV,DISTYPE,HEARDIS
2017,GU,Guam,BRFSS,Disability Estimates,Disability status and types among adults 18 years of age or older by age group,18-44,%,Prevalence,2.4,2.4,,,1.3,4.3,16,1462,Disability Type,Hearing Disability,DISEST,AGEIND,,66,AGE01,PREV,DISTYPE,HEARDIS
2017,GU,Guam,BRFSS,Disability Estimates,Disability status and types among adults 18 years of age or older by age group,45-64,%,Prevalence,8.7,8.7,,,6.1,12.2,45,2890,Disability Type,Hearing Disability,DISEST,AGEIND,,66,AGE02,PREV,DISTYPE,HEARDIS
2017,GU,Guam,BRFSS,Disability Estimates,Disability status and types among adults 18 years of age or older by age group,65+,%,Prevalence,16.1,16.1,,,11.1,22.8,39,1632,Disability Type,Hearing Disability,DISEST,AGEIND,,66,AGE03,PREV,DISTYPE,HEARDIS
2017,PR,Puerto Rico,BRFSS,Disability Estimates,Disability status and types among adults 18 years of age or older by age group,18-44,%,Prevalence,2.2,2.2,,,1.5,3.2,35,26809,Disability Type,Hearing Disability,DISEST,AGEIND,,72,AGE01,PREV,DISTYPE,HEARDIS
2017,PR,Puerto Rico,BRFSS,Disability Estimates,Disability status and types among adults 18 years of age or older by age group,45-64,%,Prevalence,10.3,10.3,,,8.3,12.7,142,92032,Disability Type,Hearing Disability,DISEST,AGEIND,,72,AGE02,PREV,DISTYPE,HEARDIS
2017,PR,Puerto Rico,BRFSS,Disability Estimates,Disability status and types among adults 18 years of age or older by age group,65+,%,Prevalence,16.5,16.5,,,14.1,19.3,229,101304,Disability Type,Hearing Disability,DISEST,AGEIND,,72,AGE03,PREV,DISTYPE,HEARDIS
